mhc,pseudo
HLA-A01:01,YFAMYQENMAHTDANTLYIIYRDYTWVARVYRGY
HLA-A02:01,YFAMYGEKVAHTHVDTLYVRYHYYTWAVLAYTWY
HLA-A02:02,YFAMYGEKVAHTHVDTLYLRYHYYTWAVWAYTWY
HLA-A02:03,YFAMYGEKVAHTHVDTLYVRYHYYTWAEWAYTWY
HLA-A02:04,YFAMYGEKVAHTHVDTLYVMYHYYTWAVLAYTWY
HLA-A02:05,YYAMYGEKVAHTHVDTLYLRYHYYTWAVWAYTWY
HLA-A02:06,YYAMYGEKVAHTHVDTLYVRYHYYTWAVLAYTWY
HLA-A02:07,YFAMYGEKVAHTHVDTLYVRCHYYTWAVLAYTWY
HLA-A02:10,YYAMYGEKVAHTHVDTLYVRFHYYTWAVLAYTWY
HLA-A02:11,YFAMYGEKVAHIDVDTLYVRYHYYTWAVLAYTWY
HLA-A02:12,YFAMYGEKVAHTHVDTLYVRYHYYTWAVQAYTWY
HLA-A02:16,YFAMYGEKVAHTHVDTLYVRYHYYTWAVLAYEWY
HLA-A02:17,YFAMYGEKVAHTHVDTLYLMFHYYTWAVLAYTWY
HLA-A02:19,YFAMYGEKVAHTHVDTLYVRYHYYTWAVQAYTGY
HLA-A02:50,YFAMYGEKVAHTHVDTLYIRYHYYTWAVWAYTWY
HLA-A03:01,YFAMYQENVAQTDVDTLYIIYRDYTWAELAYTWY
HLA-A03:02,YFAMYQENVAQTDVDTLYIIYRDYTWAVQAYTWY
HLA-A03:19,YFAMYQENVAQTDVDTLYIIFHYYTWAELAYTWY
HLA-A11:01,YYAMYQENVAQTDVDTLYIIYRDYTWAAQAYRWY
HLA-A11:02,YYAMYQENVAQTDVDTLYIIYRDYTWAAQAYRWY
HLA-A23:01,YSAMYEEKVAHTDENIAYLMFHYYTWAVLAYTGY
HLA-A24:02,YSAMYEEKVAHTDENIAYLMFHYYTWAVQAYTGY
HLA-A24:03,YSAMYEEKVAHTDENIAYLMFHYYTWAVQAYTWY
HLA-A25:01,YYAMYRNNVAHTDESIAYIRYQDYTWAEWAYRWY
HLA-A26:01,YYAMYRNNVAHTDANTLYIRYQDYTWAEWAYRWY
HLA-A26:02,YYAMYRNNVAHTDANTLYIRYQNYTWAEWAYRWY
HLA-A26:03,YYAMYRNNVAHTHVDTLYIRYQDYTWAEWAYRWY
HLA-A29:02,YTAMYLQNVAQTDANTLYIMYRDYTWAVLAYTWY
HLA-A30:01,YSAMYQENVAQTDVDTLYIIYEHYTWAWLAYTWY
HLA-A30:02,YSAMYQENVAHTDENTLYIIYEHYTWARLAYTWY
HLA-A31:01,YTAMYQENVAHIDVDTLYIMYQDYTWAVLAYTWY
HLA-A32:01,YFAMYQENVAHTDESIAYIMYQDYTWAVLAYTWY
HLA-A32:07,YSAMYQENVAHTDESIAYIMYQDYTWAVLAYTWY
HLA-A32:15,YFAMYRNNVAHTDESIAYIMYQDYTWAVLAYTWY
HLA-A33:01,YTAMYRNNVAHIDVDTLYIMYQDYTWAVLAYTWH
HLA-A66:01,YYAMYRNNVAQTDVDTLYIRYQDYTWAEWAYRWY
HLA-A68:01,YYAMYRNNVAQTDVDTLYIMYRDYTWAVWAYTWY
HLA-A68:02,YYAMYRNNVAQTDVDTLYIRYHYYTWAVWAYTWY
HLA-A68:23,YYAMYRNNVAQTDVDTLYIRYRDYTWAVWAYTWY
HLA-A69:01,YYAMYRNNVAQTDVDTLYVRYHYYTWAVLAYTWY
HLA-A74:01,YFAMYQENVAHTDVDTLYIMYQDYTWAVLAYTWY
HLA-A80:01,YFAMYEENVAHTNANTLYIIYRDYTWARLAYEGY
HLA-B07:02,YYSEYRNIYAQTDESNLYLSYDYYTWAERAYEWY
HLA-B08:01,YDSEYRNIFTNTDESNLYLSYNYYTWAVDAYTWY
HLA-B08:02,YDSEYRNIFTNTDENTAYLSYNYYTWAVDAYTWY
HLA-B08:03,YDSEYRNIFTNTYENIAYLSYNYYTWAVDAYTWY
HLA-B14:01,YYSEYRNICTNTDESNLYLWYNFYTWAELAYTWH
HLA-B14:02,YYSEYRNICTNTDESNLYLWYNFYTWAELAYTWH
HLA-B15:01,YYAMYREISTNTYESNLYLRYDSYTWAEWAYLWY
HLA-B15:02,YYAMYRNISTNTYESNLYIRYDSYTWAELAYLWY
HLA-B15:03,YYSEYREISTNTYESNLYLRYDSYTWAELAYLWY
HLA-B15:09,YYSEYRNICTNTYESNLYLRYNYYTWAELAYLWY
HLA-B15:17,YYAMYRENMASTYENIAYLRYHDYTWAELAYLWY
HLA-B15:42,YYAMYREISTNTYESNLYWTYNLYTWAELAYTWY
HLA-B18:01,YHSTYRNISTNTYESNLYLRYDSYTWAVLAYTWH
HLA-B27:01,YHTEYREICAKTYENTAYLNYHDYTWAVLAYEWY
HLA-B27:02,YHTEYREICAKTDENIAYLNYHDYTWAVLAYEWY
HLA-B27:03,YHTEHREICAKTDEDTLYLNYHDYTWAVLAYEWY
HLA-B27:04,YHTEYREICAKTDESTLYLNYHDYTWAELAYEWY
HLA-B27:05,YHTEYREICAKTDEDTLYLNYHDYTWAVLAYEWY
HLA-B27:06,YHTEYREICAKTDESTLYLNYDYYTWAELAYEWY
HLA-B27:10,YHTEYREICAKTDEDTLYLNYHDYTWAELAYEWY
HLA-B27:20,YHTEYREICAKTDESTLYLNYNYYTWAELAYEWY
HLA-B35:01,YYATYRNIFTNTYESNLYIRYDSYTWAVLAYLWY
HLA-B35:03,YYATYRNIFTNTYESNLYIRYDFYTWAVLAYLWY
HLA-B35:08,YYATYRNIFTNTYESNLYIRYDSYTWAVRAYLWY
HLA-B37:01,YHSTYREISTNTYEDTLYIRSNFYTWAVDAYTWY
HLA-B38:01,YYSEYRNICTNTYENIAYLRYNFYTWAVLTYTWY
HLA-B39:01,YYSEYRNICTNTDESNLYLRYNFYTWAVLTYTWY
HLA-B40:01,YHTKYREISTNTYESNLYLRYNYYSLAVLAYEWY
HLA-B40:02,YHTKYREISTNTYESNLYLSYNYYTWAVLAYEWY
HLA-B40:13,YHTKYREIFTNTYENIAYLSYNYYTWAVLAYEWY
HLA-B42:01,YYSEYRNIYAQTDESNLYLSYNYYTWAVDAYTWY
HLA-B42:02,YHSEYRNIYAQTDESNLYLSYNYYTWAVDAYTWY
HLA-B44:02,YYTKYREISTNTYENTAYIRYDDYTWAVDAYLSY
HLA-B44:03,YYTKYREISTNTYENTAYIRYDDYTWAVLAYLSY
HLA-B45:01,YHTKYREISTNTYESNLYWRYNLYTWAVDAYLSY
HLA-B45:06,YHTKYREIYAQTDESNLYWRYNLYTWAVDAYLSY
HLA-B46:01,YYAMYREKYRQTDVSNLYLRYDSYTWAEWAYLWY
HLA-B48:01,YYSEYREISTNTYESNLYLSYNYYSLAVLAYEWY
HLA-B51:01,YYATYRNIFTNTYENIAYWTYNYYTWAELAYLWH
HLA-B52:01,YYATYREISTNTYENIAYWTYNYYTWAELAYLWH
HLA-B53:01,YYATYRNIFTNTYENIAYIRYDSYTWAVLAYLWY
HLA-B54:01,YYAGYRNIYAQTDESNLYWTYNLYTWAVLAYTWY
HLA-B57:01,YYAMYGENMASTYENIAYIVYDSYTWAVLAYLWY
HLA-B57:02,YYAMYGENMASTYENIAYIVYNYYTWAVRAYLWY
HLA-B57:03,YYAMYGENMASTYENIAYIVYNYYTWAVLAYLWY
HLA-B58:01,YYATYGENMASTYENIAYIRYDSYTWAVLAYLWY
HLA-B58:02,YYATYGENMASTYENIAYLWYDSYTWAVLAYLWY
HLA-B73:01,YHTEYRNICAKTDVGNLYWTYNFYTWAVLAYEWH
HLA-B81:01,YYSEYRNIYAQTDESNLYLSYNYYSLAVLAYEWY
HLA-B83:01,YYSEYRNIYAQTDESNLYIRYDDYTWAVDAYLSY
HLA-C03:03,YYAGYREKYRQTDVSNLYIRYDYYTWAELAYLWY
HLA-C04:01,YSAGYREKYRQADVNKLYLRFNFYTWAERAYTWY
HLA-C05:01,YYAGYREKYRQTDVNKLYLRYNFYTWAERAYTWY
HLA-C06:02,YDSGYREKYRQADVNKLYLWYDSYTWAEWAYTWY
HLA-C07:01,YDSGYRENYRQADVSNLYLRYDSYTLAALAYTWY
HLA-C07:02,YDSGYREKYRQADVSNLYLRSDSYTLAALAYTWY
HLA-C08:02,YYAGYREKYRQTDVSNLYLRYNFYTWAERAYTWY
HLA-C12:03,YYAGYREKYRQADVSNLYLWYDSYTWAEWAYTWY
HLA-C14:02,YSAGYREKYRQTDVSNLYLWFDSYTWAERAYTWY
HLA-C15:02,YYAGYRENYRQTDVNKLYIRYDLYTWAELAYTWY
HLA-E01:01,YHSMYRESADTIFVNTLYLWHEFYSSAEQAYTWY
HLA-E01:03,YHSMYRESADTIFVNTLYLWHEFYSSAEQAYTWY